{
  "objective": 28116634.04064746,
  "normal_revenue": 33443193.942621414,
  "excess_revenue": 0.0,
  "planting_cost": 5326559.901973954,
  "total_production": 6038459.970697986,
  "normal_sales": 5563379.279829249,
  "excess_sales": 475080.6908687381
}