problem,material_type,weekly_mean_expected_supply_m3
问题二,A,7702.687500022822
问题二,B,5440.907073601655
问题二,C,5235.344741116448
问题三,A,8627.379368319194
问题三,B,6567.373608370602
问题三,C,2896.1600258672474
