{
  "objective": 29136973.13139849,
  "normal_revenue": 35109193.00336087,
  "excess_revenue": 0.0,
  "planting_cost": 5972219.871962374,
  "total_production": 6939476.363089584,
  "normal_sales": 6403208.043769908,
  "excess_sales": 536268.3193196761
}