{
  "objective": 18274939.075736683,
  "normal_revenue": 22639415.372367322,
  "excess_revenue": 0.0,
  "planting_cost": 4364476.29663064,
  "total_production": 4564851.685938544,
  "normal_sales": 3728229.803799961,
  "excess_sales": 836621.882138581
}