{
  "objective": 17831764.532905366,
  "normal_revenue": 22168370.71928995,
  "excess_revenue": 0.0,
  "planting_cost": 4336606.186384586,
  "total_production": 4450654.077409046,
  "normal_sales": 3520840.321173246,
  "excess_sales": 929813.7562358002
}