{
  "objective": 31744309.079917915,
  "normal_revenue": 36237631.35301669,
  "excess_revenue": 0.0,
  "planting_cost": 4493322.273098774,
  "total_production": 6470738.434814865,
  "normal_sales": 6093287.979927646,
  "excess_sales": 377450.4548872181
}