{
  "objective": 29437942.835558355,
  "normal_revenue": 35097886.381206036,
  "excess_revenue": 0.0,
  "planting_cost": 5659943.545647679,
  "total_production": 6844006.072942199,
  "normal_sales": 6384402.853651333,
  "excess_sales": 459603.2192908672
}