{
  "baseline": {
    "active_supplier_count": 29,
    "objective": {
      "a_expected_supply_raw_m3": 175577.20000000004,
      "c_expected_supply_raw_m3": 139393.47701863354,
      "purchase_cost_relative": 491172.92137420585,
      "total_expected_supply_raw_m3": 443231.40825097205,
      "transport_loss_raw_m3": 2491.178381109872
    },
    "order_total_raw_m3": 443231.40825097205,
    "problem_part": "2",
    "selected_supplier_count": 30,
    "selected_supplier_ids": [
      "S201",
      "S229",
      "S140",
      "S361",
      "S108",
      "S395",
      "S282",
      "S151",
      "S275",
      "S329",
      "S340",
      "S139",
      "S131",
      "S308",
      "S330",
      "S348",
      "S307",
      "S356",
      "S268",
      "S306",
      "S126",
      "S352",
      "S194",
      "S143",
      "S037",
      "S247",
      "S374",
      "S284",
      "S031",
      "S365"
    ],
    "weekly_inventory_end_m3": 56400.0,
    "weekly_inventory_start_m3": 56400.0,
    "weekly_product_arrival_m3": 28199.999999999996,
    "weekly_transporter_load_raw_m3": [
      0.0,
      5999.999999999999,
      6000.0,
      0.0,
      0.0,
      6000.0,
      0.0,
      467.9753437905012
    ]
  },
  "problems": {
    "2": {
      "active_supplier_count": 26,
      "objective": {
        "a_expected_supply_raw_m3": 184864.50000000006,
        "c_expected_supply_raw_m3": 125648.2737878141,
        "purchase_cost_relative": 491125.62053030357,
        "total_expected_supply_raw_m3": 441094.54355371353,
        "transport_loss_raw_m3": 2470.5164305043536
      },
      "order_total_raw_m3": 441094.54355371353,
      "problem_part": "2",
      "selected_supplier_count": 26,
      "selected_supplier_ids": [
        "S201",
        "S229",
        "S140",
        "S361",
        "S108",
        "S395",
        "S282",
        "S151",
        "S275",
        "S329",
        "S340",
        "S139",
        "S131",
        "S308",
        "S330",
        "S348",
        "S307",
        "S356",
        "S268",
        "S306",
        "S126",
        "S352",
        "S194",
        "S143",
        "S037",
        "S247"
      ],
      "weekly_inventory_end_m3": 56400.0,
      "weekly_inventory_start_m3": 56400.0,
      "weekly_product_arrival_m3": 28199.999999999993,
      "weekly_transporter_load_raw_m3": [
        0.0,
        5956.585282688866,
        6000.000000000001,
        0.0,
        0.0,
        6000.000000000006,
        0.0,
        422.3540320491905
      ]
    },
    "3": {
      "active_supplier_count": 305,
      "objective": {
        "a_expected_supply_raw_m3": 207057.10483966066,
        "c_expected_supply_raw_m3": 69507.84062081393,
        "purchase_cost_relative": 491355.0296893907,
        "total_expected_supply_raw_m3": 434181.91206136905,
        "transport_loss_raw_m3": 2399.7528813642766
      },
      "order_total_raw_m3": 434181.91206136905,
      "problem_part": "3",
      "selected_supplier_count": 305,
      "selected_supplier_ids": [
        "S001",
        "S002",
        "S003",
        "S004",
        "S005",
        "S007",
        "S009",
        "S010",
        "S012",
        "S014",
        "S015",
        "S016",
        "S017",
        "S018",
        "S019",
        "S021",
        "S022",
        "S024",
        "S026",
        "S027",
        "S028",
        "S029",
        "S030",
        "S031",
        "S035",
        "S036",
        "S038",
        "S039",
        "S040",
        "S042",
        "S043",
        "S045",
        "S046",
        "S047",
        "S048",
        "S049",
        "S050",
        "S051",
        "S052",
        "S053",
        "S054",
        "S055",
        "S056",
        "S057",
        "S058",
        "S061",
        "S062",
        "S064",
        "S065",
        "S066",
        "S069",
        "S071",
        "S072",
        "S073",
        "S075",
        "S077",
        "S078",
        "S079",
        "S081",
        "S082",
        "S083",
        "S084",
        "S087",
        "S088",
        "S089",
        "S091",
        "S092",
        "S093",
        "S095",
        "S096",
        "S097",
        "S098",
        "S099",
        "S101",
        "S102",
        "S103",
        "S104",
        "S105",
        "S106",
        "S108",
        "S109",
        "S111",
        "S112",
        "S114",
        "S115",
        "S116",
        "S117",
        "S118",
        "S119",
        "S120",
        "S121",
        "S122",
        "S123",
        "S124",
        "S125",
        "S127",
        "S128",
        "S130",
        "S131",
        "S132",
        "S134",
        "S135",
        "S137",
        "S138",
        "S139",
        "S140",
        "S141",
        "S142",
        "S143",
        "S144",
        "S145",
        "S146",
        "S147",
        "S148",
        "S150",
        "S152",
        "S153",
        "S154",
        "S155",
        "S156",
        "S157",
        "S158",
        "S159",
        "S163",
        "S165",
        "S166",
        "S167",
        "S168",
        "S169",
        "S170",
        "S172",
        "S174",
        "S175",
        "S176",
        "S178",
        "S179",
        "S180",
        "S181",
        "S182",
        "S184",
        "S185",
        "S187",
        "S188",
        "S189",
        "S190",
        "S191",
        "S193",
        "S194",
        "S195",
        "S196",
        "S197",
        "S198",
        "S199",
        "S200",
        "S201",
        "S202",
        "S203",
        "S204",
        "S205",
        "S208",
        "S209",
        "S211",
        "S212",
        "S214",
        "S215",
        "S216",
        "S217",
        "S219",
        "S220",
        "S221",
        "S222",
        "S224",
        "S225",
        "S226",
        "S227",
        "S229",
        "S230",
        "S232",
        "S233",
        "S235",
        "S237",
        "S238",
        "S240",
        "S242",
        "S243",
        "S244",
        "S245",
        "S247",
        "S248",
        "S249",
        "S250",
        "S251",
        "S254",
        "S255",
        "S256",
        "S258",
        "S259",
        "S260",
        "S261",
        "S264",
        "S265",
        "S266",
        "S268",
        "S269",
        "S272",
        "S273",
        "S274",
        "S275",
        "S276",
        "S278",
        "S280",
        "S281",
        "S282",
        "S283",
        "S284",
        "S285",
        "S286",
        "S287",
        "S288",
        "S289",
        "S291",
        "S292",
        "S293",
        "S295",
        "S296",
        "S298",
        "S299",
        "S300",
        "S302",
        "S303",
        "S304",
        "S307",
        "S308",
        "S309",
        "S310",
        "S311",
        "S312",
        "S313",
        "S315",
        "S316",
        "S317",
        "S318",
        "S319",
        "S320",
        "S321",
        "S322",
        "S323",
        "S324",
        "S326",
        "S327",
        "S328",
        "S329",
        "S330",
        "S331",
        "S332",
        "S333",
        "S335",
        "S336",
        "S337",
        "S338",
        "S340",
        "S341",
        "S342",
        "S343",
        "S344",
        "S346",
        "S348",
        "S350",
        "S352",
        "S353",
        "S354",
        "S358",
        "S360",
        "S361",
        "S362",
        "S363",
        "S364",
        "S366",
        "S367",
        "S370",
        "S371",
        "S372",
        "S373",
        "S374",
        "S375",
        "S376",
        "S378",
        "S381",
        "S383",
        "S385",
        "S386",
        "S387",
        "S388",
        "S389",
        "S390",
        "S392",
        "S393",
        "S394",
        "S395",
        "S396",
        "S397",
        "S399",
        "S400",
        "S401",
        "S402"
      ],
      "weekly_inventory_end_m3": 56400.0,
      "weekly_inventory_start_m3": 56400.0,