{
  "base_problem": "2",
  "interpretation": "需求、损耗和供应能力均重新求解；供应商中断情景按整个24周均不可用处理，因此比单周中断更保守。",
  "key_supplier": "S037",
  "scenarios": [
    {
      "binding_supplier_count_capacity_ge_99pct": 18,
      "binding_transporter_count_load_ge_99pct": 2,
      "feasible": true,
      "inventory_min_product_equivalent_m3": 50760.0,
      "objective": {
        "a_expected_supply_raw_m3": 167814.42714618545,
        "c_expected_supply_raw_m3": 102286.29699398138,
        "purchase_cost_relative": 441903.63586741535,
        "total_expected_supply_raw_m3": 395773.47532017727,
        "transport_loss_raw_m3": 2043.9289186135402
      },
      "scenario": "demand_minus_10pct",
      "selected_supplier_count": 21,
      "selected_supplier_ids": [
        "S201",
        "S229",
        "S140",
        "S361",
        "S108",
        "S395",
        "S282",
        "S151",
        "S275",
        "S329",
        "S340",
        "S139",
        "S131",
        "S308",
        "S330",
        "S348",
        "S307",
        "S356",
        "S268",
        "S306",
        "S126"
      ],
      "transporter_load_raw_m3": [
        0.0,
        4490.561471673217,
        6000.000000000564,
        0.0,
        0.0,
        6000.000000000273,
        0.0,
        0.0
      ]
    },
    {
      "binding_supplier_count_capacity_ge_99pct": 25,
      "binding_transporter_count_load_ge_99pct": 3,
      "feasible": true,
      "inventory_min_product_equivalent_m3": 56400.0,
      "objective": {
        "a_expected_supply_raw_m3": 184864.50000000006,
        "c_expected_supply_raw_m3": 125648.2737878141,
        "purchase_cost_relative": 491125.62053030357,
        "total_expected_supply_raw_m3": 441094.54355371353,
        "transport_loss_raw_m3": 2470.5164305043536
      },
      "scenario": "demand_base",
      "selected_supplier_count": 26,
      "selected_supplier_ids": [
        "S201",
        "S229",
        "S140",
        "S361",
        "S108",
        "S395",
        "S282",
        "S151",
        "S275",
        "S329",
        "S340",
        "S139",
        "S131",
        "S308",
        "S330",
        "S348",
        "S307",
        "S356",
        "S268",
        "S306",
        "S126",
        "S352",
        "S194",
        "S143",
        "S037",
        "S247"
      ],
      "transporter_load_raw_m3": [
        0.0,
        5956.585282688866,
        6000.000000000001,
        0.0,
        0.0,
        6000.000000000006,
        0.0,
        422.3540320491905
      ]
    },
    {
      "error": "问题2采购成本最小化 未得到可行解: The problem is infeasible. (HiGHS Status 8: model_status is Infeasible; primal_status is None)",
      "feasibility_status": "infeasible",
      "feasible": false,
      "scenario": "demand_plus_10pct"
    },
    {
      "binding_supplier_count_capacity_ge_99pct": 24,
      "binding_transporter_count_load_ge_99pct": 2,
      "feasible": true,
      "inventory_min_product_equivalent_m3": 56400.0,
      "objective": {
        "a_expected_supply_raw_m3": 184996.22714617304,
        "c_expected_supply_raw_m3": 125648.27381781072,
        "purchase_cost_relative": 490587.88569433335,
        "total_expected_supply_raw_m3": 440593.7185104519,
        "transport_loss_raw_m3": 2466.4297327602526
      },
      "scenario": "loss_low_80pct",
      "selected_supplier_count": 26,
      "selected_supplier_ids": [
        "S201",
        "S229",
        "S140",
        "S361",
        "S108",
        "S395",
        "S282",
        "S151",
        "S275",
        "S329",
        "S340",
        "S139",
        "S131",
        "S308",
        "S330",
        "S348",
        "S307",
        "S356",
        "S268",
        "S306",
        "S126",
        "S352",
        "S194",
        "S143",
        "S037",
        "S247"
      ],
      "transporter_load_raw_m3": [
        0.0,
        5938.70812765532,
        5997.009464423843,
        0.0,
        0.0,
        6000.000000000012,
        0.0,
        422.3540125229858
      ]
    },
    {
      "binding_supplier_count_capacity_ge_99pct": 25,
      "binding_transporter_count_load_ge_99pct": 3,
      "feasible": true,
      "inventory_min_product_equivalent_m3": 56400.0,
      "objective": {
        "a_expected_supply_raw_m3": 184864.49999993716,
        "c_expected_supply_raw_m3": 125459.73170021034,
        "purchase_cost_relative": 491671.34339745785,
        "total_expected_supply_raw_m3": 441573.5150613502,
        "transport_loss_raw_m3": 2474.787042493352
      },
      "scenario": "loss_high_120pct",
      "selected_supplier_count": 26,
      "selected_supplier_ids": [
        "S201",
        "S229",
        "S140",
        "S361",
        "S108",
        "S395",
        "S282",
        "S151",
        "S275",
        "S329",
        "S340",
        "S139",
        "S131",
        "S308",
        "S330",
        "S348",
        "S307",
        "S356",
        "S268",
        "S306",
        "S126",
        "S352",
        "S194",
        "S143",
        "S037",
        "S247"
      ],
      "transporter_load_raw_m3": [
        0.0,
        5983.219875772997,
        6000.000000000514,
        0.0,
        0.0,
        5999.999999997448,
        0.0,
        415.67658511863226
      ]
    },
    {
      "error": "问题2运输损耗最小化 未得到可行解: Time limit reached. (HiGHS Status 13: model_status is Time limit reached; primal_status is None)",
      "feasibility_status": "unknown_time_limit",
      "feasible": null,
      "scenario": "key_supplier_capacity_minus_10pct"
    },
    {
      "error": "问题2采购成本最小化 未得到可行解: The problem is infeasible. (HiGHS Status 8: model_status is Infeasible; primal_status is None)",
      "feasibility_status": "infeasible",
      "feasible": false,
      "scenario": "key_supplier_outage"
    }
  ]
}
