{
  "base_problem": "2",
  "interpretation": "需求、损耗和供应能力均重新求解；供应商中断情景按整个24周均不可用处理，因此比单周中断更保守。",
  "key_supplier": "S037",
  "scenarios": [
    {
      "binding_supplier_count_capacity_ge_99pct": 19,
      "binding_transporter_count_load_ge_99pct": 2,
      "feasibility_status": "feasible",
      "feasible": true,
      "inventory_min_product_equivalent_m3": 50760.0,
      "objective": {
        "a_expected_supply_raw_m3": 176717.5200147794,
        "c_expected_supply_raw_m3": 102286.29999999999,
        "purchase_cost_relative": 441808.00551356404,
        "total_expected_supply_raw_m3": 394877.16682916915,
        "transport_loss_raw_m3": 2036.1983084864792
      },
      "scenario": "demand_minus_10pct",
      "selected_supplier_count": 21,
      "selected_supplier_ids": [
        "S108",
        "S126",
        "S131",
        "S139",
        "S140",
        "S151",
        "S201",
        "S229",
        "S268",
        "S275",
        "S282",
        "S306",
        "S307",
        "S329",
        "S330",
        "S340",
        "S348",
        "S352",
        "S356",
        "S361",
        "S395"
      ],
      "transporter_load_raw_m3": [
        0.0,
        4456.205563378686,
        5997.0097211697475,
        0.0,
        0.0,
        6000.000000000282,
        0.0,
        0.0
      ]
    },
    {
      "binding_supplier_count_capacity_ge_99pct": 24,
      "binding_transporter_count_load_ge_99pct": 3,
      "feasibility_status": "feasible",
      "feasible": true,
      "inventory_min_product_equivalent_m3": 56400.0,
      "objective": {
        "a_expected_supply_raw_m3": 184864.50000054773,
        "c_expected_supply_raw_m3": 125648.27378679474,
        "purchase_cost_relative": 491125.6205305357,
        "total_expected_supply_raw_m3": 441094.54355378216,
        "transport_loss_raw_m3": 2470.516430499947
      },
      "scenario": "demand_base",
      "selected_supplier_count": 26,
      "selected_supplier_ids": [
        "S037",
        "S108",
        "S126",
        "S131",
        "S139",
        "S140",
        "S143",
        "S151",
        "S194",
        "S201",
        "S229",
        "S247",
        "S268",
        "S275",
        "S282",
        "S306",
        "S307",
        "S308",
        "S329",
        "S330",
        "S340",
        "S348",
        "S352",
        "S356",
        "S361",
        "S395"
      ],
      "transporter_load_raw_m3": [
        0.0,
        5956.585282707109,
        6000.000000019539,
        0.0,
        0.0,
        6000.000000007559,
        0.0,
        422.35403200671686
      ]
    },
    {
      "error": "问题2采购成本最小化 未证明最优: Time limit reached. (HiGHS Status 13: Time limit reached)",
      "feasibility_status": "feasible_not_proven_optimal",
      "feasible": true,
      "scenario": "demand_plus_10pct",
      "solver_status": {
        "best_bound": 22521.703972921958,
        "end_time": "2026-07-15T09:29:45+08:00",
        "feasible": true,
        "incumbent": 22521.704140046117,
        "locked_supplier_count": 41,
        "mip_gap": 7.420582291077701e-09,
        "model_type": "mixed_integer_linear_program",
        "node_count": 113450,
        "objective_name": "问题2采购成本最小化",
        "optimality_proven": false,
        "runtime_seconds": 60.04074070000206,
        "selection_stage": {
          "best_bound": 41.0,
          "end_time": "2026-07-15T09:28:45+08:00",
          "feasible": true,
          "incumbent": 41.0,
          "mip_gap": 0.0,
          "model_type": "mixed_integer_linear_program",
          "node_count": 1,
          "objective_name": "问题2供应商基数最小化",
          "optimality_proven": true,
          "runtime_seconds": 0.2617174999904819,
          "solver": "SciPy HiGHS MILP",
          "solver_objective": 41.0,
          "solver_version": "SciPy 1.17.0 bundled runtime",
          "start_time": "2026-07-15T09:28:45+08:00",
          "status_code": 0,
          "status_text": "Optimization terminated successfully. (HiGHS Status 7: Optimal)",
          "time_limit_seconds": 60.0
        },
        "solver": "SciPy HiGHS MILP",
        "solver_objective": 22521.704140046117,
        "solver_version": "SciPy 1.17.0 bundled runtime",
        "start_time": "2026-07-15T09:29:45+08:00",
        "status_code": 1,
        "status_text": "Time limit reached. (HiGHS Status 13: Time limit reached)",
        "time_limit_seconds": 60.0
      }
    },
    {
      "binding_supplier_count_capacity_ge_99pct": 24,
      "binding_transporter_count_load_ge_99pct": 2,
      "feasibility_status": "feasible",
      "feasible": true,
      "inventory_min_product_equivalent_m3": 56400.0,
      "objective": {
        "a_expected_supply_raw_m3": 184996.22714617228,
        "c_expected_supply_raw_m3": 125648.27377989815,
        "purchase_cost_relative": 490587.8856943301,
        "total_expected_supply_raw_m3": 440593.71850700246,
        "transport_loss_raw_m3": 2466.4297323392348
      },
      "scenario": "loss_low_80pct",
      "selected_supplier_count": 26,
      "selected_supplier_ids": [
        "S037",
        "S108",
        "S126",
        "S131",
        "S139",
        "S140",
        "S143",
        "S151",
        "S194",
        "S201",
        "S229",
        "S247",
        "S268",
        "S275",
        "S282",
        "S306",
        "S307",
        "S308",
        "S329",
        "S330",
        "S340",
        "S348",
        "S352",
        "S356",
        "S361",
        "S395"
      ],
      "transporter_load_raw_m3": [
        0.0,
        5938.70814575222,
        5997.009464423843,
        0.0,
        0.0,
        6000.0000000000055,
        0.0,
        422.35399428236406
      ]
    },
    {
      "binding_supplier_count_capacity_ge_99pct": 25,
      "binding_transporter_count_load_ge_99pct": 3,
      "feasibility_status": "feasible",
      "feasible": true,
      "inventory_min_product_equivalent_m3": 56400.0,
      "objective": {
        "a_expected_supply_raw_m3": 184996.2271461723,
        "c_expected_supply_raw_m3": 125648.27370620173,
        "purchase_cost_relative": 491669.13659646385,
        "total_expected_supply_raw_m3": 441576.67386587884,
        "transport_loss_raw_m3": 2475.4863929583025
      },
      "scenario": "loss_high_120pct",
      "selected_supplier_count": 26,
      "selected_supplier_ids": [
        "S037",
        "S108",
        "S126",
        "S131",
        "S139",
        "S140",
        "S143",
        "S151",
        "S194",
        "S201",
        "S229",
        "S247",
        "S268",
        "S275",
        "S282",
        "S306",
        "S307",
        "S308",
        "S329",
        "S330",
        "S340",
        "S348",
        "S352",
        "S356",
        "S361",
        "S395"
      ],
      "transporter_load_raw_m3": [
        0.0,
        5979.664584672426,
        5997.009464423843,
        0.0,
        0.0,
        6000.000000000011,
        0.0,
        422.3540286486708
      ]
    },
    {
      "binding_supplier_count_capacity_ge_99pct": 24,
      "binding_transporter_count_load_ge_99pct": 3,
      "feasibility_status": "feasible",
      "feasible": true,
      "inventory_min_product_equivalent_m3": 56400.0,
      "objective": {
        "a_expected_supply_raw_m3": 184996.22714617226,
        "c_expected_supply_raw_m3": 124892.70608546224,
        "purchase_cost_relative": 491135.5278577249,
        "total_expected_supply_raw_m3": 441022.8870469581,
        "transport_loss_raw_m3": 2470.3952189755373
      },
      "scenario": "key_supplier_capacity_minus_10pct",
      "selected_supplier_count": 26,