{
  "objective": 42411529.79268293,
  "normal_revenue": 30098433.25,
  "excess_revenue": 17379983.939345315,
  "planting_cost": 5066887.396662388,
  "total_production": 9519631.738125801,
  "normal_sales": 5238615.0,
  "excess_sales": 4281016.738125803
}